{"cameraMode":{"drawMode":0,"name":"Shaded","section":"Shading Mode"},"sceneLighting":false,"audioPlay":false,"sceneViewState":{"showFog":true,"showMaterialUpdate":false,"showSkybox":false,"showFlares":true,"showImageEffects":true,"showParticleSystems":true,"showVisualEffectGraphs":true,"m_FxEnabled":true},"in2DMode":false,"pivot":{"x":0.39391452074050906,"y":1.0246407985687256,"z":0.23302552103996278},"rotation":{"x":-0.18308760225772859,"y":-0.4906217157840729,"z":0.10627816617488861,"w":-0.8452827334403992},"size":1.0514264106750489,"orthographic":false}