{"cameraMode":{"drawMode":0,"name":"Shaded","section":"Shading Mode"},"sceneLighting":false,"audioPlay":false,"sceneViewState":{"showFog":true,"showMaterialUpdate":false,"showSkybox":false,"showFlares":true,"showImageEffects":true,"showParticleSystems":true,"showVisualEffectGraphs":true,"m_FxEnabled":true},"in2DMode":false,"pivot":{"x":0.31168678402900698,"y":1.4606621265411378,"z":-0.04692742973566055},"rotation":{"x":-0.2217143326997757,"y":-0.5491625666618347,"z":0.15395180881023408,"w":-0.7909430265426636},"size":0.7356695532798767,"orthographic":false}