{"cameraMode":{"drawMode":0,"name":"Shaded","section":"Shading Mode"},"sceneLighting":true,"audioPlay":false,"sceneViewState":{"showFog":true,"showMaterialUpdate":false,"showSkybox":true,"showFlares":true,"showImageEffects":true,"showParticleSystems":true,"showVisualEffectGraphs":true,"m_FxEnabled":true},"in2DMode":false,"pivot":{"x":1.1517544984817505,"y":2.9955592155456545,"z":-4.386822700500488},"rotation":{"x":-0.17489446699619294,"y":-0.011226892471313477,"z":0.0019935318268835546,"w":-0.9845243692398071},"size":0.289509654045105,"orthographic":false}