{"cameraMode":{"drawMode":0,"name":"Shaded","section":"Shading Mode"},"sceneLighting":true,"audioPlay":false,"sceneViewState":{"showFog":true,"showMaterialUpdate":false,"showSkybox":true,"showFlares":true,"showImageEffects":true,"showParticleSystems":true,"showVisualEffectGraphs":true,"m_FxEnabled":true},"in2DMode":false,"pivot":{"x":0.27341970801353457,"y":1.5194871425628663,"z":-1.7787245512008668},"rotation":{"x":-0.22339843213558198,"y":0.009354487992823124,"z":-0.0021448093466460706,"w":-0.9746835827827454},"size":6.344425678253174,"orthographic":false}