{"cameraMode":{"drawMode":0,"name":"Shaded","section":"Shading Mode"},"sceneLighting":true,"audioPlay":false,"sceneViewState":{"showFog":true,"showMaterialUpdate":false,"showSkybox":true,"showFlares":true,"showImageEffects":true,"showParticleSystems":true,"showVisualEffectGraphs":true,"m_FxEnabled":true},"in2DMode":false,"pivot":{"x":0.7782511711120606,"y":-0.37783321738243105,"z":-3.311306953430176},"rotation":{"x":0.3157729506492615,"y":0.01740187034010887,"z":-0.005699514411389828,"w":0.9487141370773315},"size":5.568510055541992,"orthographic":false}