{"cameraMode":{"drawMode":0,"name":"Shaded","section":"Shading Mode"},"sceneLighting":true,"audioPlay":false,"sceneViewState":{"showFog":true,"showMaterialUpdate":false,"showSkybox":true,"showFlares":true,"showImageEffects":true,"showParticleSystems":true,"showVisualEffectGraphs":true,"m_FxEnabled":true},"in2DMode":false,"pivot":{"x":4.066810131072998,"y":0.740456223487854,"z":0.7286968231201172},"rotation":{"x":-0.19258254766464234,"y":-0.012660943903028965,"z":0.0024849604815244676,"w":-0.9811956882476807},"size":1.2247449159622193,"orthographic":false}