{"cameraMode":{"drawMode":0,"name":"Shaded","section":"Shading Mode"},"sceneLighting":true,"audioPlay":false,"sceneViewState":{"showFog":true,"showMaterialUpdate":false,"showSkybox":true,"showFlares":true,"showImageEffects":true,"showParticleSystems":true,"showVisualEffectGraphs":true,"m_FxEnabled":true},"in2DMode":false,"pivot":{"x":-0.660046398639679,"y":6.356662273406982,"z":-10.682604789733887},"rotation":{"x":0.22306190431118012,"y":0.055544931441545489,"z":-0.012631443329155445,"w":0.9731981754302979},"size":0.25058531761169436,"orthographic":false}