{"cameraMode":{"drawMode":0,"name":"Shaded","section":"Shading Mode"},"sceneLighting":true,"audioPlay":false,"sceneViewState":{"showFog":true,"showMaterialUpdate":false,"showSkybox":true,"showFlares":true,"showImageEffects":true,"showParticleSystems":true,"showVisualEffectGraphs":true,"m_FxEnabled":true},"in2DMode":false,"pivot":{"x":0.27290788292884829,"y":6.208754539489746,"z":-7.497779369354248},"rotation":{"x":0.37946295738220217,"y":-0.06790046393871308,"z":0.028005657717585565,"w":0.9223498106002808},"size":0.26410216093063357,"orthographic":false}