{"cameraMode":{"drawMode":0,"name":"Shaded","section":"Shading Mode"},"sceneLighting":true,"audioPlay":false,"sceneViewState":{"showFog":true,"showMaterialUpdate":false,"showSkybox":true,"showFlares":true,"showImageEffects":true,"showParticleSystems":true,"showVisualEffectGraphs":true,"m_FxEnabled":true},"in2DMode":false,"pivot":{"x":0.9466851949691773,"y":0.7274947166442871,"z":-1.6930713653564454},"rotation":{"x":0.19101177155971528,"y":-0.03503160551190376,"z":0.006795650348067284,"w":0.9809768795967102},"size":5.568510055541992,"orthographic":false}