{"cameraMode":{"drawMode":0,"name":"Shaded","section":"Shading Mode"},"sceneLighting":true,"audioPlay":false,"sceneViewState":{"showFog":true,"showMaterialUpdate":false,"showSkybox":true,"showFlares":true,"showImageEffects":true,"showParticleSystems":true,"showVisualEffectGraphs":true,"m_FxEnabled":true},"in2DMode":false,"pivot":{"x":3.952802896499634,"y":-3.065458297729492,"z":2.9663498401641847},"rotation":{"x":0.43661338090896609,"y":0.0030133940745145084,"z":-0.0013767200289294124,"w":0.8996990919113159},"size":5.568510055541992,"orthographic":false}